{
  "main": {
    "id": "320ecdd1698cd08f",
    "type": "split",
    "children": [
      {
        "id": "b87f0441173ca237",
        "type": "tabs",
        "children": [
          {
            "id": "c2a2198f3257c698",
            "type": "leaf",
            "state": {
              "type": "markdown",
              "state": {
                "file": "Days/Day6/t-test I.md",
                "mode": "preview",
                "source": false
              },
              "icon": "lucide-file",
              "title": "t-test I"
            }
          }
        ]
      }
    ],
    "direction": "vertical"
  },
  "left": {
    "id": "0ac589ea383cf997",
    "type": "split",
    "children": [
      {
        "id": "0e1e7f4d49e9f92f",
        "type": "tabs",
        "children": [
          {
            "id": "037d400082114049",
            "type": "leaf",
            "state": {
              "type": "file-explorer",
              "state": {
                "sortOrder": "alphabetical",
                "autoReveal": false
              },
              "icon": "lucide-folder-closed",
              "title": "Files"
            }
          },
          {
            "id": "3dbf5d3e857db152",
            "type": "leaf",
            "state": {
              "type": "search",
              "state": {
                "query": "standard errors",
                "matchingCase": false,
                "explainSearch": false,
                "collapseAll": false,
                "extraContext": false,
                "sortOrder": "byCreatedTime"
              },
              "icon": "lucide-search",
              "title": "Search"
            }
          },
          {
            "id": "d34a5725cb3b8728",
            "type": "leaf",
            "state": {
              "type": "bookmarks",
              "state": {},
              "icon": "lucide-bookmark",
              "title": "Bookmarks"
            }
          }
        ]
      }
    ],
    "direction": "horizontal",
    "width": 200
  },
  "right": {
    "id": "7aafba8776a82b0c",
    "type": "split",
    "children": [
      {
        "id": "395dcb2693d3db92",
        "type": "tabs",
        "children": [
          {
            "id": "573eef322ba61a86",
            "type": "leaf",
            "state": {
              "type": "backlink",
              "state": {
                "file": "Day1/Probability and Simulation.md",
                "collapseAll": false,
                "extraContext": false,
                "sortOrder": "alphabetical",
                "showSearch": false,
                "searchQuery": "",
                "backlinkCollapsed": false,
                "unlinkedCollapsed": true
              },
              "icon": "links-coming-in",
              "title": "Backlinks for Probability and Simulation"
            }
          },
          {
            "id": "94a51418ca080cdf",
            "type": "leaf",
            "state": {
              "type": "outgoing-link",
              "state": {
                "file": "Day1/Probability and Simulation.md",
                "linksCollapsed": false,
                "unlinkedCollapsed": true
              },
              "icon": "links-going-out",
              "title": "Outgoing links from Probability and Simulation"
            }
          },
          {
            "id": "28ac65997ef73bf6",
            "type": "leaf",
            "state": {
              "type": "tag",
              "state": {
                "sortOrder": "frequency",
                "useHierarchy": true,
                "showSearch": false,
                "searchQuery": ""
              },
              "icon": "lucide-tags",
              "title": "Tags"
            }
          },
          {
            "id": "f559924f82afdb7e",
            "type": "leaf",
            "state": {
              "type": "outline",
              "state": {
                "file": "Day1/Probability and Simulation.md",
                "followCursor": false,
                "showSearch": false,
                "searchQuery": ""
              },
              "icon": "lucide-list",
              "title": "Outline of Probability and Simulation"
            }
          }
        ]
      }
    ],
    "direction": "horizontal",
    "width": 300,
    "collapsed": true
  },
  "left-ribbon": {
    "hiddenItems": {
      "switcher:Open quick switcher": false,
      "graph:Open graph view": false,
      "canvas:Create new canvas": false,
      "daily-notes:Open today's daily note": false,
      "templates:Insert template": false,
      "command-palette:Open command palette": false
    }
  },
  "active": "037d400082114049",
  "lastOpenFiles": [
    "Days/Day8/Simple Linear Regression.md",
    "Days/Day10/Comparing means of multiple groups - ANOVA.md",
    "Days/Day8/Parameter estimation.md",
    "Days/Day8/Linear regression in Python.md",
    "Days/Day8/Curvilinear regression.md",
    "Days/Day8/Collinearity.md",
    "Days/Day2/Multivariate distributions.md",
    "Days/Day1/Matrix Formulation of summary statistics.md",
    "Days/Day3/Preliminaries from linear algebra.md",
    "Days/Day3/Multivariate distributions.md",
    "Days/Day5/Functions of normal random variables The general linear model.md",
    "Days/Day9/Successive testing and partitioning of variation.md",
    "Days/Day11/Two-way ANOVA.md",
    "Days/Day10/Two-way ANOVA as a LM.md",
    "Days/Day12/The Parametric Bootstrap.md",
    "Days/Day12/The non-parametric bootstrap.md",
    "Days/Day9/Simple and multiple linear regression as a LM.md",
    "Days/Day12/Inference For Proportions.md",
    "Days/Day7/Learning from two-sample quantitative data.md",
    "Days/Day7/t-test II.md",
    "Days/Day9/Residual analysis.md",
    "Days/Day9/Model validation.md",
    "Pasted image 20250625165749.png",
    "Days/Day2/Independence of random variables.md",
    "Days/Day4/Functions of normal random variables.md",
    "Days/Day3/Simulation Based Statistics.md",
    "Days/Day3/Functions of normal random variables.md",
    "Images/Pasted image 20250623122442.png",
    "Images/Pasted image 20250623125011.png",
    "Images/Pasted image 20250623124950.png",
    "Images/Pasted image 20250623124857.png",
    "Images/Pasted image 20250623124848.png",
    "Images/Pasted image 20250623124834.png",
    "Images/Pasted image 20250623124828.png",
    "Images/Pasted image 20250623124824.png",
    "Images/Pasted image 20250623124628.png",
    "Days/Day12",
    "Days/Day11",
    "Days/Day10",
    "Days/Day9",
    "Untitled.canvas",
    "Untitled 1.canvas",
    "Days/Day8",
    "Days/Day7",
    "Days/Day6",
    "Days/Day5",
    "Days/Day4",
    "Days/Day3"
  ]
}